"source_type";"author";"publication_year";"name";"institution";"web_url"
"Industry Peer Review";"ITDP";"2014";"The Bike-Share Planning Guide";"Institute for Transportation & Development Policy (ITDP)";"https://www.itdp.org/wp-content/uploads/2014/07/ITDP_Bike_Share_Planning_Guide.pdf"
"Website";"Request for Proposal-RFP";"NA";"Request for Proposal-RFP";"Investopedia";"http://www.investopedia.com/terms/r/request-for-proposal.asp"
"Website";"USDOT";"NA";"Statewide Pedestrian and Bicycle Planning Handbook";"USDOT Federal Highway Administration";"https://www.fhwa.dot.gov/planning/processes/pedestrian_bicycle/pedestrian_bicycle_handbook/page09.cfm"
"Online News Article";"Unknown";"2016";"Expanded Operation of Seoul Bike “Ddareungi”";"Seoul Metropolitan Government";"http://english.seoul.go.kr/expanded-operation-seoul-bike-ddareungi/"
"Website";"Seoul Bike";"NA";"Seoul Bike-How to Use";"Seoul Bike";"https://www.bikeseoul.com:447/app/use/moveUseOptional.do?lang=en"
"Website";"Seoul Metropolitan Government";"NA";"Seoul Metropolitan GGovernment Ordinance to Promote Use of Bicycles";"Seoul Metropolitan Government";"https://legal.seoul.go.kr/legal/english/front/page/law.html?pAct=lawView&pPromNo=969"
"Report";"Hee Cheol Shin et al";"2016";"Bicycle Transport Policy in Korea";"The Korea Transport Institute (KOTI) Knowledge Sharing Report: Korea's Best Practices in the Transport Sector
Issue 6";"http://www.biciudad.org/uploads/1/1/9/3/11936477/koti____ksp_06.pdf"
"Website";"Seoul Bike";"NA";"Introduction to Seoul Bike";"Seoul Bike";"https://www.bikeseoul.com:447/info/infoResume.do?lang=en"
"Website";"ITDP";"NA";"Bike Sharing: Guangzhou";"Institute for Transportation & Development Policy (ITDP)";"http://www.publicbike.net/en/c/city.aspx?c=Guangzhou"
"Website";"Guangzhou Public Bicycle";"NA";"Guangzhou Public Bicycle";"Guangzhou Public Bicycle";"http://zxc.gzzc.com.cn/Default.aspx"
"Blog";"ITDP";"2011";"Sustainable Transport Award cities: Guangzhou";"Institute for Transportation & Development Policy";"https://www.itdp.org/sustainable-transport-award-cities-guangzhou/"
"Academic Peer Review";"Susan A. Shaheen, Hua Zhang, Elliot Martin, and Stacey Guzman";"2011";"China’s Hangzhou Public Bicycle
Understanding Early Adoption and Behavioral
Response to Bikesharing";"Transportation Research Record: Journal of the Transportation Research Board,
No. 2247, Transportation Research Board of the National Academies";"http://www.tsrc.berkeley.edu/sites/default/files/China's%20Hangzhou%20Public%20Bicycle%20(article)%20-%20Shaheen.pdf"
"Blog";"Elizabeth Press";"2011";"The Biggest, Baddest Bike-Share in the World: Hangzhou China";"www.streetfilms.org";"http://www.streetfilms.org/the-biggest-baddest-bike-share-in-the-world-hangzhou-china/"
"Website";"City of Berlin";"NA";"Urban Public Bicycle Sharing Program: Hangzhou, China";"Policy Transfer Platform: City of Berlin";"http://policytransfer.metropolis.org/case-studies/hangzhou-china-urban-public-bicycle-sharing-program"
"Website";"City of Hangzhou";"NA";"City of Hangzhou: Homepage";"City of Hangzhou";"http://www.hangzhou.gov.cn/"
"Online News Article";"Mo Yan-chih";"2012";"Taipei to boost its public bicycle rental program";"Taipei Times";"http://www.taipeitimes.com/News/taiwan/archives/2012/05/27/2003533855"
"Website";"You Bike";"NA";"You Bike: Homepage";"You Bike";"https://taipei.youbike.com.tw/en/index.php"
"Online News Article";"Cindy Sui";"2015";"Two wheels make a comeback in Taiwan";"BBC";"http://www.bbc.com/news/business-31109431"
"Website";"You Bike";"NA";"You Bike Instructions";"You Bike";"https://taipei.youbike.com.tw/en/f43.php"
"Industry Peer Review";"Bicing";"2008";"Bicing Barcelona, Clear Channel Public Bicycle System";"Bicing Barcelona Bikeoff Project – Design Against Crime";"http://www.bikeoff.org/design_resource/dr_PDF/schemes_public_bicing.pdf"
"Website";"Bicing";"NA";"Bicing: System Information";"Bicing";"https://www.bicing.cat/es/informacion/informacion-del-sistema"
"Press Release";"B:SM Barcelona de Serveis Municipals";"2014";"Vodafone sponsors Bicing";"B:SM Barcelona de Serveis Municipals";"https://www.bsmsa.cat/en/press/press-notes/news/vodafone-sponsors-bicing/"
"Website";"Bicing";"NA";"Bicing: Tariffs";"Bicing";"https://www.bicing.cat/es/informacion/tarifas"
"Online News Article";"Unknown";"2015";"Barcelona welcomes Electric Bicing";"Ajuntament de Barcelona";"http://w41.bcn.cat/en/barcelona-dona-la-benvinguda-al-bicing-electric/"
"Website";"Ajuntament de Barcelona";"NA";"Cycle path network";"Ajuntament de Barcelona";"http://ajuntament.barcelona.cat/bicicleta/ca/serveis/vies-de-circulacio/xarxa-de-carrils-bici"
"Blog";"Petz Scholtus";"2008";"The TH Interview: Bicing, Barcelona's Bike Sharing System (Part 3: Clear Channel)";"Tree Hugger";"http://www.treehugger.com/culture/the-th-interview-bicing-barcelonaatms-bike-sharing-system-part-3-clear-channel.html"
"Website";"City Protocol";"NA";"Bicing System";"City Protocol";"http://81.47.175.201/project-protocol/index.php/bicing"
"Website";"DB Rent";"NA";"Call a Bike Technik";"DB Rent";"https://www.dbrent.de/de/mobilitaetskonzepte/fvs/call-a-bike/cab-technik"
"Website";"Call a Bike";"NA";"Call a Bike";"Call a Bike";"https://www.callabike-interaktiv.de/de/rad-finden"
"Industry Peer Review";"GIZ";"2014";"Discover Berlin by Sustainable Transport";"The Sustainable Urban Transport Guide";"http://www.sutp.org/files/contents/documents/resources/J_Others/GIZ_SUTP_Travel_guide_berlin_EN.pdf"
"Website";"DB Rent";"NA";"DB Rent: Homepage";"DB Rent";"https://www.dbrent.de/en"
"Website";"TFL";"NA";"Santander Cycles: What you pay";"Transport for London";"https://tfl.gov.uk/modes/cycling/santander-cycles/what-you-pay"
"Website";"TFL";"NA";"Santander Cycles: Homepage";"Transport for London";"https://tfl.gov.uk/modes/cycling/santander-cycles"
"Website";"TFL";"NA";"Cycle Hire Contracts";"Transport for London";"https://tfl.gov.uk/corporate/publications-and-reports/cycle-hire-contracts"
"Website";"Serco";"NA";"Santander Cycles";"Serco";"https://www.serco.com/markets/transport/londoncyclehire"
"Unknown";"EMBARQ-WRI India";;"Rent a Ride: A Report on Public Bicycling Scheme and its
Relevance in Indian Cities";"EMBARQ-WRI India";
"Academic Peer Review";"ITDP";"2007";"Paris: Bike sharing";"Sustainable Transport (Fall 2007, Number 19) Institute for Transportation & Development Policy (ITDP)";"https://www.itdp.org/wp-content/uploads/2014/07/ST19-2007.pdf"
"Report";"NYCDCP";"2009";"Bike Share Opportunities in New York City";"NYC Department of City Planning";"http://nacto.org/wp-content/uploads/2012/02/bike_share_complete.pdf"
"Press Release";"JC Decaux";"2014";"Parisian Vélib’ achieves over 200 million rentals";"JC Decaux";"http://www.jcdecaux.com/en/Newsroom/Press-Releases/2014/Parisian-Ve-lib-achieves-over-200-million-rentals"
"Website";"Velib";"NA";"P'tit Vélib', for children in Paris, our citizens";"Velib";"http://blog.velib.paris.fr/en/ptit-velib/"
"Website";"Velib";"NA";"Velib: Access the Service";"Velib";"http://en.velib.paris.fr/Subscriptions-and-fees/Access-the-service"
"Website";"Velib";"NA";"Velib: Homepage";"Velib";"http://en.velib.paris.fr/"
"Online News Article";"City of Moscow";"2016";"Moscow to launch e-bicycle rental in August";"City of Moscow";"https://www.mos.ru/en/news/item/13944073"
"Website";"Smoove";"NA";"Moscow, Russia";"Smoove";"http://www.smoove-bike.com/moscow"
"Report";"VTB Bank";"2015";"VTB: Social Report 2015";"VTB Bank";"http://static.globalreporting.org/report-pdfs/2016/59e6222e3301f4167883799bddeb9533.pdf"
"Website";"Velobike";"NA";"Velobike: Homepage";"Velobike";"http://velobike.ru/"
"Website";"Velobike";"NA";"Velobike: Electric Bikes";"Velobike";"http://electro.velobike.ru/"
"Website";"City of Moscow";"NA";"City of Moscow: Department of Transportation";"City of Moscow";"http://dt.mos.ru/"
"Online News Article";"Michael Torfs";"2015";"Villo reaches milestone of 7 million";"Flanders News";"http://deredactie.be/cm/vrtnieuws.english/Brussels/1.2352419"
"Website";"JC Decaux";"NA";"Advertising on Villo! Fenders";"JC Decaux";"http://www.jcdecaux.be/#!/product/29/29-advertising-on-villo-fenders"
"Website";"City of Brussels";"NA";"Regional bicycle routes";"City of Brussels";"http://www.brussels.be/artdet.cfm/4859"
"Website";"Villo";"NA";"Villo: Homepage";"Villo";"http://en.villo.be/"
"Industry Peer Review";"Sebastien Robert, Jill Piper";"2011";"Bike sharing in 10 European countries report. Module 2: Belgium";"Optimizing bike sharing in European cities (OBIS)";"https://pagellapolitica.it/static/files/50570d649dd44_Bike_sharing_Belgio.pdf"
"Online News Article";"Kurt Castro";"2015";"Cyclists demand that Las Condes subscribe to the same service of the other communes of Santiago";"Veo Verde";"https://www.veoverde.com/2015/07/ciclistas-piden-que-las-condes-suscriba-al-mismo-servicio-de-las-otras-comunas-de-santiago/"
"Website";"Bici Las Condes";"NA";"Bici Las Condes: Homepage";"Bici Las Condes";"https://www.bicilascondes.cl/es"
"Website";"Municipality of Las Condes";"NA";"Bicycle as Public Transport";"Municipality of Las Condes";"http://www.lascondes.cl/bicicletas/portada.html"
"Website";"Bike Rio";"NA";"Bike Rio: Homepage";"Bike Rio";"http://www.mobilicidade.com.br/bikerio.asp"
"Website";"Serttel";"NA";"Serttel: Homepage";"Serttel";"http://www.serttel.com.br/"
"Website";"Mobilicidade";"NA";"Samba Sustainable Transportation Application";"Mobilicidade";"http://www.mobilicidade.com.br/siteoficial/bicicletascompartilhadas.aspx"
"Academic Peer Review";"Tim Jones, Laura Novo de Azevedo";"2013";"Economic, social and cultural transformation and the role of the bicycle in Brazil";"Journal of Transport Geography, Volume 30";"http://www.sciencedirect.com/science/article/pii/S0966692313000197"
"Online News Article";"Gideon Long";"2016";"Get yourself a bike, perico!': how cycling is challenging Santiago's social barriers";"The Guardian";"https://www.theguardian.com/cities/2016/jul/21/cycling-challenging-santiago-chile-social-barriers"
"Website";"Bike Santiago";"NA";"Bike Santiago: Homepage";"Bike Santiago";"http://www.bikesantiago.cl/"
"Website";"Ciclo Sampa";"NA";"Ciclo Sampa: What is Ciclo Sampa?";"Ciclo Sampa";"http://www.ciclosampa.com.br/oquee.php"
"Website";"Movimento Conviva";"NA";"Movimento Conviva: Ciclo Sampa";"Movimento Conviva";"http://movimentoconviva.com.br/ciclosampa/"
"Blog";"Unknown";"2011";"Buenos Aires is “better on bike”";"C40 Cities";"http://www.c40.org/blog_posts/httpstagingc40orgrefineryblogpostsbuenos-aires-is-better-on-bike"
"Blog";"ITDP";"2015";"Buenos Aires Launches Automated Bike Share";"Institute for Transportation & Development Policy (ITDP)";"https://www.itdp.org/buenos-aires-launches-automated-bike-share/"
"Website";"Government of Buenos Aires";"NA";"Ecobici: FAQs";"Government of Buenos Aires";"http://www.buenosaires.gob.ar/ecobici/sistema-ecobici/preguntas-frecuentes"
"Blog";"ITDP";"2010";"Bike-Share Pilot Program Launches in Buenos Aires";"Institute for Transportation & Development Policy (ITDP)";"https://www.itdp.org/bike-share-pilot-program-launches-in-buenos-aires/"
"Website";"Government of Buenos Aires";"NA";"Ecobici: Homepage";"Government of Buenos Aires";"http://www.buenosaires.gob.ar/ecobici"
"Website";"CDMX SEDEMA";"NA";"EcoBici: Statistics";"CDMX SEDEMA";"https://www.ecobici.cdmx.gob.mx/es/estadisticas"
"Online News Article";"Nick van Mead";"2015";"Viva la revolución: Mexico City cyclists fight for the right to ride in safety";"The Guardian";"https://www.theguardian.com/cities/2015/nov/11/viva-la-revolucion-mexico-city-cyclists-fight-right-safety"
"Blog";"Oso Oseguera";"2013";"Who is and what does Clear Channel Outdoor do?";"Dario en Bici";"http://diarioenbici.com/quien-es-y-que-hace-clear-channel-outdoor/"
"Industry Peer Review";"New York City Global Partners";"2012";"Best Practice: Comprehensive Climate Change Plan";"New York City Global Partners";"http://www1.nyc.gov/assets/globalpartners/downloads/pdf/Mexico%20City_Environment_ClimateChange.pdf"
"Website";"CDMX SEDEMA";"NA";"EcoBici: Homepage";"CDMX SEDEMA";"https://www.ecobici.cdmx.gob.mx/"
"Blog";"ITDP";"2014";"Happy Birthday Ecobici!";"Institute for Transportation & Development Policy (ITDP)";"https://www.itdp.org/happy-birthday-ecobici/"
"Blog";"Adriana Lobo";"2015";"$150 Million to Transform Sustainable Transport in Mexico City";"World Resources Institute (WRI)";"http://www.wri.org/blog/2015/03/150-million-transform-sustainable-transport-mexico-city"
"Blog";"Gisela Mendez";"2014";"Beyond Move in Mexico City: Integrating sustainable mobility into the everyday";"The CityFix";"http://thecityfix.com/blog/beyond-move-mexico-city-integrating-sustainable-mobility-ecobici-biking-gisela-mendez/"
"Online News Article";"WWF";"2014";"Metrobus and Ecobici transform the city";"World Wildlife Fund (WWF)";"http://wwf.panda.org/wwf_news/?229199"
"Online News Article";"El Tiempo";"2016";"Metropolitan area will be the new operator EnCicla";"El Tiempo";"http://www.eltiempo.com/colombia/medellin/area-metropolitana-sera-el-nuevo-operador-de-encicla/16525075"
"Online News Article";"Jose F. Loaiza Bran";"2015";"Medellín already has 50 public bicycle stations";"El Colombiano";"http://www.elcolombiano.com/antioquia/encicla-llego-a-50-estaciones-en-medellin-LL2904951"
"Website";"EnCicla";"NA";"EnCicla: Homepage";"EnCicla";"http://www.encicla.gov.co/"
"Online News Article";"EAFIT University";"2011";"Medellin citizens could án go Encicla";"EAFIT University";"http://www.eafit.edu.co/agencia-noticias/historico-noticias/2011/octubre/Paginas/ciudadanos-medellin-encicla-eafit.aspx"
"Report";"Area Metropolitana del Valle de Aburra";"2012";"Plan de Gestion: Pura Vida";"Area Metropolitana del Valle de Aburra";"http://www.metropol.gov.co/Documents/PLAN%20DE%20GESTION%20Pura%20Vida%202012-2015.pdf"
"Case Study";"Tools of Change";"2013";"BIXI: Montreal's Bike-Sharing System";"Tools of Change: Landmark Case Study";"http://www.toolsofchange.com/userfiles/BIXI%20Case%20Study(1).pdf"
"Online News Article";"CBC News";"2014";"Bixi saved for the summer
The city of Montreal steps in to take over the company’s local assets for almost $12M";"CBC News";"http://www.cbc.ca/news/canada/montreal/bixi-saved-for-the-summer-1.2543958"
"Online News Article";"CBC News";"2014";"City gives Bixi $4.3M for Montreal bike-sharing service's 2014 season";"CBC News";"http://www.cbc.ca/news/canada/montreal/bixi-needs-montrealers-to-show-their-love-denis-coderre-1.2584320"
"Website";"Bixi Montreal";"NA";"Bixi Montreal: Homepage";"Bixi Montreal";"http://montreal.bixi.com/en"
"Online News Article";"Manulife";"2016";"Manulife: BIXI-Montreal's New Presenting Partner";"Manulife";"http://www.manulife.com/Master-Article-Detail?content_id=a0Q5000000JTyRQEA1"
"Website";"PBSC Urban Solutions";"NA";"PBSC Urban Solutions: Homepage";"PBSC Urban Solutions";"https://www.pbsc.com/about/"
"Website";"Capital Bikeshare";"NA";"Capital Bikeshare Press Kit";"Capital Bikeshare";"https://www.capitalbikeshare.com/Press-Kit"
"Website";"Capital Bikeshare";"NA";"Capital Bikeshare Bank on DC";"Capital Bikeshare";"http://www.capitalbikeshare.com/bankondc"
"Report";"Foursquare Integrated Transportation Planning";"2015";"District of Columbia Capital Bikeshare Development Plan";"District Department of Transportation (DDOT)";"http://ddot.dc.gov/sites/default/files/dc/sites/ddot/page_content/attachments/Draft%20DDOT%20Bikeshare%20Development%20FINAL%20reduced.pdf"
"Website";"Capital Bikeshare";"NA";"Capital Bikeshare: Homepage";"Capital Bikeshare";"https://www.capitalbikeshare.com/home"
"Website";"goDCgo";"NA";"Capital Bikeshare";"goDCgo";"http://www.godcgo.com/home/ways-to-get-around/bike/capital-bikeshare.aspx"
"Website";"BikeArlington";"NA";"BikeArlington: Homepage";"BikeArlington";"http://www.bikearlington.com/"
"Website";"Bank on DC";"NA";"Bank on DC: About Us";"Bank on DC";"http://bankondc.org/about-us/"
"Case Study";"ITDP";"2014";"Connecting Low-Income People to Opportunity with Shared Mobility";"Institute for Transportation and Development Policy (ITDP) & Living Cities";"https://www.itdp.org/wp-content/uploads/2014/10/Shared-Mobility_CASE-STUDIES.pdf"
"Online News Article";"Clinton Nguyen, Tech Insider";"2016";"Citi Bike hasn't had any fatalities in more than 3 years — here's why";"Business Insider";"http://www.businessinsider.com/why-citi-bike-has-zero-fatalities-2016-6/#the-bikes-are-slow-1"
"Website";"Citi Bike NYC";"NA";"Citi Bike: Pricing";"Citi Bike NYC";"https://www.citibikenyc.com/pricing"
"Blog";"John M.";"2015";"Citi Bike – Potholes instead of Profits";"Harvard Business School";"https://rctom.hbs.org/submission/citi-bike-potholes-instead-of-profits/"
"Website";"Citi Bike NYC";"NA";"Citi Bike: Homepage";"Citi Bike NYC";"https://www.citibikenyc.com/"
"Website";"NYCDOT";"NA";"NYCDOT: Bicyclists";"New York City Department of Transportation (NYCDOT)";"http://www.nyc.gov/html/dot/html/bicyclists/bicyclists.shtml"
"Report";"City of New York";"2011";"PlaNYC: A Greener, Greater, New York";"City of New York";"http://www.nyc.gov/html/planyc/downloads/pdf/publications/planyc_2011_planyc_full_report.pdf"
"Blog";"Todd W. Schneider";"2016";"A Tale of Twenty-Two Million Citi Bike Rides: Analyzing the NYC Bike Share System";;"http://toddwschneider.com/posts/a-tale-of-twenty-two-million-citi-bikes-analyzing-the-nyc-bike-share-system/"
"Press Release";"NYCDOT";"2014";"NYC DOT, Alta, and Citi announce agreement to expand and enhance Citi Bike program in New York City";"New York City Department of Transportation (NYCDOT)";"http://www.citigroup.com/citi/news/2014/141028b.pdf"
"Online News Article";"City of Chicago";"2015";"Divvy Announces First Ever Purchase Of Bike Share Station Located At Clark And 9th Streets In South Loop";"City of Chicago";"https://www.cityofchicago.org/city/en/depts/cdot/provdrs/bike/news/2015/august/divvy-announces-first-ever-purchase-of-bike-share-station-locate.html"
"Online News Article";"City of Chicago";"2013";"City to Launch Divvy Bike Share System This Spring";"City of Chicago";"https://www.cityofchicago.org/city/en/depts/cdot/provdrs/bike/news/2013/apr/city_to_launch_divvybikesharesystemthisspring.html"
"Website";"Chicago Complete Streets";"NA";"Request a Safe Routes or Bicycling Ambassador";"Chicago Complete Streets";"http://chicagocompletestreets.org/safety/education/"
"Online News Article";"BlueCross BlueShield of Illinois";"2014";"Mayor Emanuel, BCBSIL announce partnership to support Divvy Bike Share System";"BlueCross BlueShield of Illinois";"https://www.bcbsil.com/company-info/news/news?lid=hzbhntjs"
"Website";"City of Chicago";"NA";"Service: Awarded Contracts";"City of Chicago";"https://www.cityofchicago.org/city/en/depts/dps/provdrs/contract/svcs/awarded_contracts.html"
"Website";"Divvy Bikes";"NA";"Divvy Bikes: Homepage";"Divvy Bikes";"https://www.divvybikes.com/"
"Website";"Divvy Bikes";"NA";"Divvy Bikes: Divvy for Everyone (D4E)";"Divvy Bikes";"https://www.divvybikes.com/pricing/d4e"
"Report";"Chicago Department of Transportation";"Unknown";"Chicago Streets for Cycling Plan 2020";"Chicago Department of Transportation";"https://www.cityofchicago.org/content/dam/city/depts/cdot/bike/general/ChicagoStreetsforCycling2020.pdf"
"Website";"Hubway";"NA";"Hubway: Media Kit";"Hubway";"https://www.thehubway.com/about/media-kit"
"Website";"City of Boston";"NA";"Boston Bikes";"City of Boston";"https://www.boston.gov/departments/boston-bikes"
"Report";"Boston Department of Transportation";"2013";"Boston Bike Network Plan";"Boston Department of Transportation";"https://www.cityofboston.gov/images_documents/Boston%20Bike%20Network%20Plan,%20Fall%202013_FINAL_tcm3-40525.pdf"
"Website";"Hubway";"NA";"Hubway: Pricing";"Hubway";"https://www.thehubway.com/pricing"
"Website";"Hubway";"NA";"Hubway: Homepage";"Hubway";"https://www.thehubway.com/"
"Press Release";"City of Boston";"2011";"Mayor Menino Signs First-Ever Bike Share Contract Launching Hubway in Boston";"City of Boston";"http://www.cityofboston.gov/news/Default.aspx?id=5075"
"Website";"City of Boston";"NA";"Bikes: Network Plan";"City of Boston";"https://www.cityofboston.gov/bikes/BikeNetwork/"
"Online News Article";"Brock Parker";"2012";"Cambridge signs Hubway pact, launching bike sharing in summer";"boston.com";"http://archive.boston.com/yourtown/news/cambridge/2012/04/cambridge_signs_hubway_pact_la.html"
"Website";"Indego";"NA";"Indego: Passes";"Indego";"https://www.rideindego.com/passes/"
"Website";"Indego";"NA";"Indego: Homepage";"Indego";"https://www.rideindego.com/"
"Blog";"SEPTA";"2015";"Septa and Bike Share";"SEPTA";"http://www.septa.org/sustain/blog/2011/04.14.html"
"Blog";"Bicycle Coalition of Philadelphia";"2015";"IndeGo is Philadelphia’s Bike Share System!";"Bicycle Coalition of Philadelphia";"http://bicyclecoalition.org/indego-philadelphias-bike-share-system/#sthash.apoez6GW.H2P4KoHn.dpbs"
"Website";"Kansas City B Cycle";"NA";"Kansas City B Cycle: Our Impact";"Kansas City B Cycle";"https://kansascity.bcycle.com/about/impacts"
"Website";"Kansas City B Cycle";"NA";"Kansas City B Cycle: Homepage";"Kansas City B Cycle";"https://kansascity.bcycle.com/"
"Website";"Bike Walk KC";"NA";"Bike Walk KC: Bike Share";"Bike Walk KC";"http://bikewalkkc.org/"
"Website";"Nice Ride Minnesota";"NA";"Nice Ride Minnesota: About";"Nice Ride Minnesota";"https://www.niceridemn.org/about/"
"Online News Article";"Jaime Delage";"2016";"Nice Ride is taking off, and waiting for St. Paul to catch up";"Pioneer Press";"http://www.twincities.com/2016/04/11/nice-ride-minnesota-takes-off-waiting-for-st-paul-to-catch-up/"
"Report";"Nice Ride Minnesota";"2015";"Nice Ride Minnesota 2014 Annual Report and 2015 Mid-Season Update";"Nice Ride Minnesota";"https://www.niceridemn.org/_asset/tq8t0k/NiceRideMN-Annual-Report-2015web.pdf"
"Website";"City of Minneapolis";"NA";"Bicycle Master Plan";"City of Minneapolis";"http://www.minneapolismn.gov/bicycles/WCMS1P-135610"
"Website";"City of Minneapolis";"NA";"Bicycle Laws and Ordinances";"City of Minneapolis";"http://www.ci.minneapolis.mn.us/bicycles/safety/WCMS1P-135619"
"Website";"San Antonio B Cycle";"NA";"San Antonio B Cycle: Rates";"San Antonio B Cycle";"https://sanantonio.bcycle.com/top-nav-pages/rates"
"Online News Article";"Todd G. Allen";"2011";"Bike Sharing in Texas: San Antonio Rolls Out Program Aimed at Energy Efficiency and Public Health";"Energy.Gov";"https://energy.gov/articles/bike-sharing-texas-san-antonio-rolls-out-program-aimed-energy-efficiency-and-public-health"
"Website";"City of San Antonio";"2014";"FY 2014 annual Report";"City of San Antonio";"http://www.sanantonio.gov/Annual-Report/Innovation/We-are-driven-by-continuous-improvement/Sustainability"
"Report";"San Antonio B Cycle";"2013";"San Antonio Bike Share July 2012-June 2013 Annual Report";"San Antonio B Cycle";"http://therivardreport.com/wp-content/uploads/2014/03/2013_b-cycle-annualreport.pdf"
"Blog";"Josh Cohen";"2015";"San Antonio Bike-Share Threatens to Close Without Major Sponsor";"Next City";"https://nextcity.org/daily/entry/san-antonio-bike-share-close-sponsor-money"
"Website";"ADCB Bikeshare";"NA";"ADCB Bikeshare: Homepage";"ADCB Bikeshare";"https://www.bikeshare.ae/about/"
"Online News Article";"Hala Khalaf";"2015";"The wheels are turning in Abu Dhabi with the ADCB bikeshare programme";"The National";"http://www.thenational.ae/arts-life/cycletoworkuae/20151214/the-wheels-are-turning-in-abu-dhabi-with-the-adcb-bikeshare-programme"
"Website";"Greenolution";"NA";"Greenolution: About Us";"Greenolution";"http://www.greenolution.in/aboutus.php"
"Press Release";"DMRC";"2015";"Delhi Metro Launches Public Bicycle Sharing Facility";"Delhi Metro Rail Corporation Ltd.";"http://www.delhimetrorail.com/press_reldetails.aspx?id=C0KYrggV5Fslld"
"Article";"HS Sudhira";"2014";"Getting around on Namma Cycle";"Connect: Newsletter of the Indian Institute of Science Volume 1 Issue 4";"http://apc.iisc.ernet.in/newsletter/pdf/issue42014.pdf"
"Website";"Namma Cycle";"NA";"Namma Cycle: Homepage";"Namma Cycle";"http://www.nammacycle.in/"
"Website";"Ride a Cycle";"NA";"Ride a Cycle Foundation";"Ride a Cycle";"http://www.rideacycle.org/"
"Website";"Tel-O-Fun";"NA";"Tel-O-Fun: Subscriptions and Rates";"Tel-O-Fun";"https://www.tel-o-fun.co.il/en/Tariffs.aspx"
"Website";"Tel-O-Fun";"NA";"Tel-O-Fun: Homepage";"Tel-O-Fun";"https://www.tel-o-fun.co.il/en/HomePage.aspx"
"Public web site";"NA";"2016";"Advertise with Kansas City B-cycle";"Kansas City B-Cycle";"https://kansascity.bcycle.com/top-nav-pages/sponsorships/advertise-on-b-cycle"
"Website";"NA";"2012";"Water Heating";"Green Building Advisor";"http://www.greenbuildingadvisor.com/green-basics/water-heating"
"Website";"NA";"NA";"Website";"SafePlumbing.org";"https://www.safeplumbing.org/resources/glossary#faq-26"
"Website";"NA";"NA";"Designing our Future: Sustainable Landscapes";"American Society of Landscape Architects (ASLA)";"https://www.asla.org/sustainablelandscapes/about.html"
"Blog";"NA";"2014";"Green Building 101: What is an integrated process?";"U.S. Green Building Council";"http://www.usgbc.org/articles/green-building-101-what-integrated-process"
"Website";"NA";"NA";"What is District Energy?";"International District energy Association";"http://www.districtenergy.org/what-is-district-energy/"
"Website";"NA";"NA";"FEMA: Building Codes";"FEMA";"https://www.fema.gov/building-codes"
"Website";"NA";"NA";"Why Building Energy Codes?";"U.S. Department of Energy";"https://www.energycodes.gov/about/why-building-energy-codes"
"Website";"NA";"NA";"What is Zoning?";"University of Wisconsin Eau Claire";"http://people.uwec.edu/ivogeler/w270/what_is_zoning.htm"
"Unknown";"Stephen Browne and Roberto Cordon";"2015";"Vertical Funds: Lessons for Multilateralism and the UN";"Future United Nations Development System";"http://www.futureun.org/media/archive1/briefings/FUNDS_Brief25_Jan2015_WHO_GAVI_GF.pdf"
"Website";"NA";"NA";"Coastal and Waterfront Smartgrowth: Floor-to-Area Ratio (FAR) Bonuses";"National Oceanic and Atmospheric Administration";"http://coastalsmartgrowth.noaa.gov/gettingstarted/far_bonuses.html"
"Unknown";"NA";"2007";"Article 37: Green Buildings";"City of Boston";"https://www.cityofboston.gov/images_documents/Article%2037%20Green%20Buildings%20LEED_tcm3-2760.pdf"
"Website";"NA";"2012";"Energy Efficiency Registration Scheme for Building";"Electrical and Mechanical Services Department The Government of the Hong Kong Special Administrative Region";"http://www.emsd.gov.hk/en/energy_efficiency/energy_efficiency_registration_scheme_for_building/"
"Website";"NA";"NA";"Climate Change Actions in Hong Kong: Buildings";"Environmental Protection Department: The Government of the Hong Kong Special Administrative Region";"http://www.epd.gov.hk/epd/english/climate_change/bldg.html"
"Academic Peer Review";"Sam C. M. Hui";"2000";"Building Energy Efficiency Standards in Hong Kong and Mainland China";"Department of Architecture, The University of Hong Kong: Energy and Environmental Policy";"http://aceee.org/files/proceedings/2000/data/papers/SS00_Panel9_Paper17.pdf"
"Unknown";"NA";"2011";"Buildings Energy Efficiency Ordinance (BEEO)";"The Government of the Hong Kong Special Administrative Region";"http://www.legislation.gov.hk/blis_ind.nsf/WebView?OpenAgent&vwpg=CurAllEngDoc*607.1*100*607.1#607.1"
"Case Study";"Unknown";"2015";"Hong Kong Ordinance Drives Energy Efficiency through Strict Codes of Practice and Audits";"C40 Cities";"http://www.c40.org/case_studies/hong-kong-ordinance-drives-energy-efficiency-through-strict-codes-of-practice-and-audits"
"Press Release";"NA";"2015";"LCQ4: Policies and measures to promote green buildings";"The Government of the Hong Kong Special Administrative Region";"http://www.info.gov.hk/gia/general/201505/06/P201505060638.htm"
"Unknown";"NA";"2013";"Buildings Energy Efficiency Ordinance";"The Government of the Hong Kong Special Administrative Region";"http://www.legislation.gov.hk/blis_pdf.nsf/6799165D2FEE3FA94825755E0033E532/4F82C8740A5D73DA482577ED005330F2/$FILE/CAP_610_e_b5.pdf"
"Website";"NA";"NA";"BEAM Plus New Buildings";"Hong Kong Green Building Council";"https://www.hkgbc.org.hk/eng/NB_Intro.aspx"
"Case Study";"Ana Marques,Toni Pujol";"2014";"Barcelona, Spain: Using solar energy - supporting community
energy self sufficiency";"ICLEI";"http://carbonn.org/uploads/tx_carbonndata/ICLEI_cs_173_Barcelona_UrbanLEDS_2014(4).pdf"
"Report";"NA";"2011";"The energy, climate change and air quality plan of Barcelona (PECQ 2011-2020)";"City of Barcelona";"The energy, climate change and air quality plan of Barcelona"
"Case Study";"Unknown";"2011";"Barcelona's Solar Hot Water Ordinance";"C40 Cities";"http://www.c40.org/case_studies/barcelonas-solar-hot-water-ordinance"
"Unknown";"Unknown";"Unknown";"The Solar Thermal Ordinance for Efficient Water Heating in Barcelona";"Center for Clean Air Policy (CCAP)";"http://ccap.org/assets/CCAP-Booklet_Spain.pdf"
"Unknown";"Thomas Pauschinger, et al.";"2009";"Best Practice Implementation of Solar Thermal Ordinances: A STO Developer's Blueprint";"ProSTO Project";"http://www.estif.org/fileadmin/estif/content/projects/prosto/downloads/ProSTO%20Blueprint%20EN.pdf"
"Report";"NA";"2013";"National plan for increasing the number of nearly zero energy buildings in Belgium";"ECOFYS Germany GmbH";"http://www.buildup.eu/sites/default/files/content/Belgium%20Report%20EN_1.pdf"
"Report";"NA";"2013";"Energy performance certificates in buildings and their impact on transaction prices and rents in selected EU countries";"European commission (DE Energy)";"https://ec.europa.eu/energy/sites/ener/files/documents/20130619-energy_performance_certificates_in_buildings.pdf"
;;;;;"http://www.energy-efficiency-watch.org/fileadmin/eew_documents/EEW3/Country_Reports_EEW3/Belgium/Country_Report_Belgium_FINAL__1_.pdf"
"Website";"NA";"2015";"Brussels-Capital Region: Apply PEB Requirements Comparable to the Passive Concept for All New Constructions by 2015";"International Energy Agency (IEA)";"http://www.iea.org/policiesandmeasures/pams/belgium/name-125493-en.php?s=dHlwZT1lZSZzdGF0dXM9T2s,&return=PG5hdiBpZD0iYnJlYWRjcnVtYiI-PGEgaHJlZj0iLyI-SG9tZTwvYT48c3Bhbj4gJmd0OyZndDsgPC9zcGFuPjxhIGhyZWY9Ii9wb2xpY2llc2FuZG1lYXN1cmVzLyI-UG9saWNpZXMgYW5kIE1lYX"
"Website";"NA";"2015";"Energy Performance of Buildings : Brussels goes passive in 2015";"International Energy Agency (IEA)";"http://www.iea.org/policiesandmeasures/pams/belgium/name-21669-en.php?s=dHlwZT1lZSZzdGF0dXM9T2s,&return=PG5hdiBpZD0iYnJlYWRjcnVtYiI-PGEgaHJlZj0iLyI-SG9tZTwvYT4gJnJhcXVvOyA8YSBocmVmPSIvcG9saWNpZXNhbmRtZWFzdXJlcy8iPlBvbGljaWVzIGFuZCBNZWFzdXJlczwvYT4gJnJhcXV"
"Website";"NA";"2007";"Brussels region: Exemplary Buildings contest";"International Energy Agency (IEA)";"http://www.iea.org/policiesandmeasures/pams/belgium/name-24629-en.php?s=dHlwZT1lZSZzdGF0dXM9T2s,&return=PG5hdiBpZD0iYnJlYWRjcnVtYiI-PGEgaHJlZj0iLyI-SG9tZTwvYT48c3Bhbj4gJmd0OyZndDsgPC9zcGFuPjxhIGhyZWY9Ii9wb2xpY2llc2FuZG1lYXN1cmVzLyI-UG9saWNpZXMgYW5kIE1lYXN"
"Website";"NA";"2008";"Advice and support for building professionals: The Facilitator network";"International Energy Agency (IEA)";"http://www.iea.org/policiesandmeasures/pams/belgium/name-24627-en.php?s=dHlwZT1lZSZzdGF0dXM9T2s,&return=PG5hdiBpZD0iYnJlYWRjcnVtYiI-PGEgaHJlZj0iLyI-SG9tZTwvYT4gJnJhcXVvOyA8YSBocmVmPSIvcG9saWNpZXNhbmRtZWFzdXJlcy8iPlBvbGljaWVzIGFuZCBNZWFzdXJlczwvYT4gJnJhcXV"
"Academic Peer Review";"Veit Burger";"2012";"Overview and assessment of new and innovative integrated policy sets that aim at the nZEB standard";"ENTRANZE Project";"http://www.entranze.eu/files/downloads/D5_4/Entranze_D5.4_05-2012_final.pdf"
"Website";"NA";"1999";"Entreprise Ecodynamique (Ecodynamic Company) - Brussels-Capital";"International Energy Agency (IEA)";"http://www.iea.org/policiesandmeasures/pams/belgium/name-24625-en.php?s=dHlwZT1lZSZzdGF0dXM9T2s,&return=PG5hdiBpZD0iYnJlYWRjcnVtYiI-PGEgaHJlZj0iLyI-SG9tZTwvYT48c3Bhbj4gJmd0OyZndDsgPC9zcGFuPjxhIGhyZWY9Ii9wb2xpY2llc2FuZG1lYXN1cmVzLyI-UG9saWNpZXMgYW5kIE1lYXN"
"Website";"NA";"NA";"Focus on sustainable and innovative procurement (procurement plan)";"Government of Flanders";"https://overheid.vlaanderen.be/beleid-duurzame-overheidsopdrachten"
"Unknown";"NA";"2010";"Promoting Energy Efficiency in Buildings";"UNDP GEF Project Turkey";"http://www.tr.undp.org/content/dam/turkey/docs/projectdocuments/EnvSust/project_00074059/EEbuildings.pdf?download"
"Report";"NA";"2015";"Green Building City Market Briefs";"C40 Cities, USGBC, and World Green Building Council";"http://www.c40.org/researches/c40-usgbc-and-wgbc-green-building-city-market-brief-compendium"
"Report";"NA";"2011";"National Climate Change Action Plan";"Republic of Turkey Department of Environment and Urbanization";"http://www.preventionweb.net/files/29675_turkeynationalclimatechangeactionpl.pdf"
"Website";"NA";"2011";"Promoting Energy Efficiency in Buildings in Turkey";"United Nations Development Programme (UNDP)";"http://www.tr.undp.org/content/turkey/en/home/operations/projects/poverty_reduction/promoting_energy_efficiency_in_buildings_in_turkey.html"
"Website";"NA";"2008";"Promote Energy Efficiency in Buildings";"Global Environment Facility (GEF)";"https://www.thegef.org/project/promote-energy-efficiency-buildings"
"Website";"NA";"NA";"UNDP's funding channels";"United Nations Development Programme (UNDP)";"http://www.undp.org/content/undp/en/home/ourwork/funding/funding-channels.html"
"Website";"NA";"NA";"What is Cofinancing?";"Asian Development Bank (ADB)";"https://www.adb.org/site/cofinancing/what-is-cofinancing"
"Report";"NA";"2012";"The Stockholm Environment Programme 2012–2015";"City of Stockholm";"http://international.stockholm.se/globalassets/ovriga-bilder-och-filer/the-stockholm-environment-programme-2012-2015.pdf"
"Blog";"Unknown";"2016";"New biomass-fired district heating CHP plant inaugurated in Värtan, Stockholm";"IDEA Industry News";"http://www.districtenergy.org/blog/2016/05/09/new-biomass-fired-chp-plant-inaugurated-in-vartan-stockholm/"
"Website";"NA";"NA";"Sweden: Financial Instruments";"Global Buildings Performance Network (GBPN)";"http://www.gbpn.org/databases-tools/rp-detail-pages/sweden#Financial Instruments"
"Unknown";"Hans-OK Hjorth";"2008";"Implementation of the EPBD in Sweden: Status and planning – June 2008";"Boverket Sweden";"http://www.epbd-ca.org/Medias/Pdf/country_reports_15_08_2011/Sweden_BuPLa_Country_reports.pdf"
"Website";"NA";"NA";"Energy Efficiency: Buildings";"European Commission";"https://ec.europa.eu/energy/en/topics/energy-efficiency/buildings"
"Unknown";"Unknown";"2011";"Energy Performance of Buildings Directive: Introductory Guide to the recast EPBD-2";"NHBC and Zero Carbon Hub";"http://www.zerocarbonhub.org/sites/default/files/resources/reports/Energy_Performance_of_Buildings_Directive-_Introductory_Guide_to_the_Recast_EPDB-2.pdf"
"Unknown";"NA";"2006";"Energy declarations of buildings";"Sweden: Ministry of Sustainable Development";"http://www.government.se/contentassets/16d3b61d19084c3a96b3993e2edca229/energy-declarations-of-buildings"
"Unknown";"NA";"2009";"An integrated climate and energy policy";"Stockholm: Ministry of the Environment and Ministry of Enterprise, Energy and Communications";"http://www.government.se/contentassets/356adb8355814d75851d87342bdfad44/an-integrated-climate-and-energy-policy"
"Website";"NA";"NA";"Energy Efficiency: Policy Measures and Databases";"International Energy Agency (IEA)";"http://www.iea.org/policiesandmeasures/energyefficiency/"
"Website";"NA";"1995";"Building Performance Standards (Building Regulations)";"International Energy Agency (IEA)";"http://www.iea.org/policiesandmeasures/pams/sweden/name-22078-en.php?s=dHlwZT1lZSZzdGF0dXM9T2s,&return=PG5hdiBpZD0iYnJlYWRjcnVtYiI-PGEgaHJlZj0iLyI-SG9tZTwvYT48c3Bhbj4gJmd0OyZndDsgPC9zcGFuPjxhIGhyZWY9Ii9wb2xpY2llc2FuZG1lYXN1cmVzLyI-UG9saWNpZXMgYW5kIE1lYXN1"
"Case Study";"Unknown";"Unknown";"Local Leaders in Sustainability: Boston";"American Institute of Architects (AIA)";"http://www.aia.org/aiaucmp/groups/aia/documents/document/aiab081623.pdf"
"Report";"NA";"2014";"Greenovate Boston: 2014 Climate Plan Update";"City of Boston";"http://192.241.241.150/wp-content/uploads/2015/02/Boston_CAP_Full_Report.pdf"
"Press Release";"NA";"2010";"Mayor Menino's Solar Permitting Guidelines Approved";"City of Boston";"http://www.cityofboston.gov/news/default.aspx?id=4897"
"Unknown";"NA";"2014";"A Citizen's Guide to Development Review under Article 80 of the Boston Zoning Code";"City of Boston and Boston Redevelopment Authority";"http://www.bostonplans.org/getattachment/610ddaf1-a547-4eb9-bb22-4d0938f354f6"
"Website";"NA";"NA";"Building Energy Reporting and Disclosure Ordinance";"City of Boston";"https://www.cityofboston.gov/eeos/reporting/"
"Case Study";"NA";"2011";"Seattle Sets the Standards for Green Buildings";"C40 Cities";"http://www.c40.org/case_studies/seattle-sets-the-standards-for-green-buildings"
"Unknown";"NA";"2015";"City of Seattle - Promoting Sustainable Development";"City of Seattle";"http://www.seattle.gov/Documents/Departments/OSE/GreenBuildingOverviewMay2015.pdf"
"Unknown";"NA";"2011";"Sustainable Buildings and Sites Policy";"City of Seattle";"http://www.seattle.gov/Documents/Departments/OSE/dpdp021677.pdf"
"Website";"NA";"NA";"Office of Sustainability & Environment: Energy Benchmarking";"City of Seattle";"http://www.seattle.gov/environment/buildings-and-energy/energy-benchmarking-and-reporting"
"Website";"NA";"NA";"Seattle Green Factor";"City of Seattle";"http://www.seattle.gov/dpd/codesrules/changestocode/greenfactor/whatwhy/"
"Website";"NA";"NA";"Seattle Department of Construction & Inspections: Energy Code";"City of Seattle";"http://www.seattle.gov/DPD/codesrules/codes/energy/overview/"
"Website";"NA";"NA";"Seattle Public Utilities: Green Stormwater Infrastructure";"City of Seattle";"http://www.seattle.gov/util/EnvironmentConservation/Projects/GreenStormwaterInfrastructure/index.htm"
"Report";"NA";"2015";"Implementing Energy Efficiency in Buildings: A compendium of experiences from across the world";"United Nations Development Programme (UNDP)";"http://www.undp.org/content/dam/india/docs/ICEEB%202015_Compendium.pdf"
"Website";"NA";"NA";"Energy Efficiency in Buildings: Energy Conservation Building Code (ECBC), India";"USAID";"http://www.eco3.org/ecbc/"
"Website";"NA";"2001";"Energy Conservation Act, 2001";"International Energy Agency (IEA)";"http://www.iea.org/policiesandmeasures/pams/india/name-23679-en.php?s=dHlwZT1lZSZzdGF0dXM9T2s,&return=PG5hdiBpZD0iYnJlYWRjcnVtYiI-PGEgaHJlZj0iLyI-SG9tZTwvYT48c3Bhbj4gJmd0OyZndDsgPC9zcGFuPjxhIGhyZWY9Ii9wb2xpY2llc2FuZG1lYXN1cmVzLyI-UG9saWNpZXMgYW5kIE1lYXN1c"
"Report";"NA";"2007";"National Action Plan on Climate Change";"Government of India";"http://www.moef.nic.in/downloads/home/Pg01-52.pdf"
"Unknown";"NA";"2013";"Gazette Notification";"Ministry of Urban Development (Delhi Division)";"https://dda.org.in/tendernotices_docs/mar15/3.%20Gazette%20Notification%20(A%2082-122)%202013-2015_030315.pdf"
"Report";"NA";"2014";"Master Plan for Delhi 2021";"Delhi Development Authority (DDA)";"http://righttoeducation.in/sites/default/files/master_plan_delhi_2021.pdf"
"Report";"NA";"2015";"Unified Building Bye-Laws for Delhi 2015";"Delhi Development Authority (DDA) and Delhi Urban Art Commission";"http://www.accehq.net/new_pdf/Final%20Draft-Unified%20Building%20Bye%20Laws%20for%20Delhi_12th%20March%202015.pdf"
"Website";"NA";"NA";"Energy Conservation Building Code (ECBC)";"Bureau of Energy Efficiency, Government of India Ministry of Power";"https://beeindia.gov.in/content/ecbc"
"Report";"NA";"Unknown";"3rd Green Building Master Plan";"Singapore Building and Construction Authority";"https://www.bca.gov.sg/GreenMark/others/3rd_Green_Building_Masterplan.pdf"
"Website";"NA";"NA";"Legislation on Environmental Sustainability for Buildings";"Singapore Building and Construction Authority";"https://www.bca.gov.sg/EnvSusLegislation/Environmental_Sustainability_Legislation.html"
"Unknown";"NA";"2012";"Code of Environmental Sustainability of Buildings 3rd Edition";"Singapore Building and Construction Authority";"https://www.bca.gov.sg/EnvSusLegislation/others/Env_Sus_Code2013.pdf"
"Report";"NA";"2015";"Green Mark for Non-Residential Buildings NRB 2015";"Singapore Building and Construction Authority";"https://www.bca.gov.sg/EnvSusLegislation/others/Green_Mark_NRB_2015_Criteria.pdf"
"Blog";"Eugene Tay";"2015";"2015 Guide to Singapore Government Funding and Incentives for the Environment";"Green Future Solutions";"http://www.greenfuture.sg/2015/02/16/2015-guide-to-singapore-government-funding-and-incentives-for-the-environment/"
"Website";"NA";"NA";"SC Fund: Introduction";"Singapore Building and Construction Authority";"https://www.bca.gov.sg/SustainableConstruction/scf_intro.html"
"Website";"NA";"NA";"$5 million Green Mark Incentive Scheme - Design Prototype (GMIS-DP)";"Singapore Building and Construction Authority";"https://www.bca.gov.sg/GreenMark/gmisdp.html"
"Website";"NA";"NA";"Quieter Construction Fund";"National Environment Agency";"http://www.nea.gov.sg/grants-awards/quieter-construction-fund/quieter-construction-fund"
"Website";"NA";"NA";"About the Fund";"National Environment Agency";"http://www.nea.gov.sg/grants-awards/3p-partnership-fund/about-the-fund"
